latitude,longitude
-6.174048609277846,106.69213035153669
-6.1700810388199345,106.69038643528258
-6.163671039947714,106.69079534336693
-6.156692579368211,106.69015957970402
-6.150019669704389,106.68993194401686
-6.143374311945511,106.68939930008274
-6.136704214313769,106.68942145086928
-6.129969747627733,106.68927989724432
-6.123269048289085,106.68905683257576
-6.117081296595676,106.68916411676916
-6.107543307950037,106.69019696790356
-6.103295511757426,106.69054070321664
-6.098040121627817,106.69025601912719
-6.174584924060946,106.6959643729092
-6.170198083692307,106.69569504694633
-6.163499706270583,106.69569504694633
-6.156801244280757,106.69569504694633
-6.150102697813317,106.69569504694633
-6.143404066958756,106.69569504694633
-6.136705351807573,106.69569504694633
-6.130006552450275,106.69569504694633
-6.123307668977372,106.69569504694633
-6.116609697143291,106.69569602403304
-6.10958277071032,106.69682745971477
-6.103207014282177,106.69569776158953
-6.097933296955216,106.69555303451553
-6.175747799632282,106.70293229334804
-6.170198083692307,106.7024324115772
-6.163499706270583,106.7024324115772
-6.156801244280757,106.7024324115772
-6.150102697813317,106.7024324115772
-6.143404066958756,106.7024324115772
-6.136705351807573,106.7024324115772
-6.130006552450275,106.7024324115772
-6.123307668977372,106.7024324115772
-6.11660870147938,106.7024324115772
-6.109909650046824,106.7024324115772
-6.10321051477023,106.7024324115772
-6.09799198485049,106.70241411157372
-6.18069676366397,106.711011672941
-6.17682189755426,106.70923243594372
-6.170198083692307,106.70916977620811
-6.163499706270583,106.70916977620811
-6.156801244280757,106.70916977620811
-6.150102697813317,106.70916977620811
-6.143404066958756,106.70916977620811
-6.136705351807573,106.70916977620811
-6.130006552450275,106.70916977620811
-6.123307668977372,106.70916977620811
-6.11660870147938,106.70916977620811
-6.109909650046824,106.70916977620811
-6.10321051477023,106.70916977620811
-6.098046419927197,106.70907601959833
-6.2221891984445366,106.71871165760591
-6.218402459455771,106.71880437373025
-6.1905116714445425,106.71749438526332
-6.181519896014375,106.71646094312743
-6.176896376455445,106.71590714083901
-6.170198083692307,106.71590714083901
-6.163499706270583,106.71590714083901
-6.156801244280757,106.71590714083901
-6.150102697813317,106.71590714083901
-6.143404066958756,106.71590714083901
-6.136705351807573,106.71590714083901
-6.130006552450275,106.71590714083901
-6.123307668977372,106.71590714083901
-6.11660870147938,106.71590714083901
-6.109909650046824,106.71590714083901
-6.10321051477023,106.71590714083901
-6.0968479598229735,106.71630215277558
-6.092586877358401,106.71786953404417
-6.222348455440874,106.72267303971279
-6.217103302485306,106.72266424204966
-6.2111437833373335,106.72400649244572
-6.203700921958594,106.72519320344172
-6.197459357251999,106.72484471284292
-6.189547909398759,106.72290342476148
-6.1830321486795,106.72307559013068
-6.176896376455445,106.7226445054699
-6.170198083692307,106.7226445054699
-6.163499706270583,106.7226445054699
-6.156801244280757,106.7226445054699
-6.150102697813317,106.7226445054699
-6.143404066958756,106.7226445054699
-6.136705351807573,106.7226445054699
-6.130006552450275,106.7226445054699
-6.123307668977372,106.7226445054699
-6.11660870147938,106.7226445054699
-6.109909650046824,106.7226445054699
-6.10321051477023,106.7226445054699
-6.0965112957401315,106.7226445054699
-6.091840727766324,106.72351409799909
-6.222317851586114,106.72930471988367
-6.217084350137712,106.72938187010081
-6.210386567225887,106.72938187010081
-6.203688699112706,106.72938187010081
-6.1969907458886135,106.72938187010081
-6.1902927076440655,106.72938187010081
-6.183594584469521,106.72938187010081
-6.176896376455445,106.72938187010081
-6.170198083692307,106.72938187010081
-6.163499706270583,106.72938187010081
-6.156801244280757,106.72938187010081
-6.150102697813317,106.72938187010081
-6.143404066958756,106.72938187010081
-6.136705351807573,106.72938187010081
-6.130006552450275,106.72938187010081
-6.123307668977372,106.72938187010081
-6.11660870147938,106.72938187010081
-6.109909650046824,106.72938187010081
-6.10321051477023,106.72938187010081
-6.0970351037067,106.72879238000992
-6.089475299481874,106.7299014192248
-6.085246901133653,106.73139051965858
-6.22242519889263,106.73636563165219
-6.217084350137712,106.7361192347317
-6.210386567225887,106.7361192347317
-6.203688699112706,106.7361192347317
-6.1969907458886135,106.7361192347317
-6.1902927076440655,106.7361192347317
-6.183594584469521,106.7361192347317
-6.176896376455445,106.7361192347317
-6.170198083692307,106.7361192347317
-6.163499706270583,106.7361192347317
-6.156801244280757,106.7361192347317
-6.150102697813317,106.7361192347317
-6.143404066958756,106.7361192347317
-6.136705351807573,106.7361192347317
-6.130006552450275,106.7361192347317
-6.123307668977372,106.7361192347317
-6.11660870147938,106.7361192347317
-6.109909650046824,106.7361192347317
-6.103252031099663,106.7360958045262
-6.095977662098161,106.73661287550908
-6.089696322391045,106.73603761021596
-6.084205165416749,106.73588891283276
-6.235194174649874,106.74528958372846
-6.229642780743838,106.74482476103601
-6.223708867428081,106.74293812823782
-6.217084350137712,106.7428565993626
-6.210386567225887,106.7428565993626
-6.203688699112706,106.7428565993626
-6.1969907458886135,106.7428565993626
-6.1902927076440655,106.7428565993626
-6.183594584469521,106.7428565993626
-6.176896376455445,106.7428565993626
-6.170198083692307,106.7428565993626
-6.163499706270583,106.7428565993626
-6.156801244280757,106.7428565993626
-6.150102697813317,106.7428565993626
-6.143404066958756,106.7428565993626
-6.136705351807573,106.7428565993626
-6.130006552450275,106.7428565993626
-6.123307668977372,106.7428565993626
-6.11660870147938,106.7428565993626
-6.109909650046824,106.7428565993626
-6.103984014276894,106.74281936277956
-6.0961346992783625,106.7428650939168
-6.089921872983475,106.74316044247655
-6.08543673431385,106.74341640860159
-6.274262374713751,106.75219368228645
-6.271838145287177,106.75216661500194
-6.262502043441356,106.75241668575366
-6.260245402771149,106.75246986722742
-6.248760084260757,106.75037626370121
-6.244066698060018,106.75010255910644
-6.236949646800983,106.74992284180814
-6.230479659995529,106.7495939639935
-6.223782047757738,106.7495939639935
-6.217084350137712,106.7495939639935
-6.210386567225887,106.7495939639935
-6.203688699112706,106.7495939639935
-6.1969907458886135,106.7495939639935
-6.1902927076440655,106.7495939639935
-6.183594584469521,106.7495939639935
-6.176896376455445,106.7495939639935
-6.170198083692307,106.7495939639935
-6.163499706270583,106.7495939639935
-6.156801244280757,106.7495939639935
-6.150102697813317,106.7495939639935
-6.143404066958756,106.7495939639935
-6.136705351807573,106.7495939639935
-6.130006552450275,106.7495939639935
-6.123307668977372,106.7495939639935
-6.11660870147938,106.7495939639935
-6.109909650046824,106.7495939639935
-6.103615444241288,106.74933017803868
-6.0956181451031455,106.74911837047176
-6.089800855846656,106.74958180278807
-6.083352236832944,106.74986650813565
-6.077358618287499,106.75145001688117
-6.2757476769770495,106.7579385315146
-6.27067846719593,106.75635434252325
-6.2641087468428935,106.75657676970297
-6.257344250807293,106.75690216718012
-6.250452789718136,106.75647630670747
-6.243874627962693,106.75633132862438
-6.237177186760656,106.75633132862438
-6.230479659995529,106.75633132862438
-6.223782047757738,106.75633132862438
-6.217084350137712,106.75633132862438
-6.210386567225887,106.75633132862438
-6.203688699112706,106.75633132862438
-6.1969907458886135,106.75633132862438
-6.1902927076440655,106.75633132862438
-6.183594584469521,106.75633132862438
-6.176896376455445,106.75633132862438
-6.170198083692307,106.75633132862438
-6.163499706270583,106.75633132862438
-6.156801244280757,106.75633132862438
-6.150102697813317,106.75633132862438
-6.143404066958756,106.75633132862438
-6.136705351807573,106.75633132862438
-6.130006552450275,106.75633132862438
-6.123307668977372,106.75633132862438
-6.11660870147938,106.75633132862438
-6.109909650046824,106.75633132862438
-6.105084606074796,106.75606425367137
-6.088344463917308,106.7535757206778
-6.0826738152240685,106.75453436340342
-6.077536629694284,106.75505637868945
-6.2881127086253725,106.76482220319889
-6.284097750904116,106.76374149062515
-6.277043918963906,106.7634293124664
-6.2706635353316695,106.76306869325528
-6.263966437286115,106.76306869325528
-6.257269253315832,106.76306869325528
-6.2505719835112235,106.76306869325528
-6.243874627962693,106.76306869325528
-6.237177186760656,106.76306869325528
-6.230479659995529,106.76306869325528
-6.223782047757738,106.76306869325528
-6.217084350137712,106.76306869325528
-6.210386567225887,106.76306869325528
-6.203688699112706,106.76306869325528
-6.1969907458886135,106.76306869325528
-6.1902927076440655,106.76306869325528
-6.183594584469521,106.76306869325528
-6.176896376455445,106.76306869325528
-6.170198083692307,106.76306869325528
-6.163499706270583,106.76306869325528
-6.156801244280757,106.76306869325528
-6.150102697813317,106.76306869325528
-6.143404066958756,106.76306869325528
-6.136705351807573,106.76306869325528
-6.130006552450275,106.76306869325528
-6.123307668977372,106.76306869325528
-6.116737014007349,106.76288978848832
-6.10999543863285,106.7624716085575
-6.105427562883494,106.76145519345864
-6.302313661711796,106.7721552058024
-6.296391297515669,106.77110827430594
-6.290510073498515,106.77017970060373
-6.28405747328702,106.76980605788619
-6.277360547362101,106.76980605788619
-6.2706635353316695,106.76980605788619
-6.263966437286115,106.76980605788619
-6.257269253315832,106.76980605788619
-6.2505719835112235,106.76980605788619
-6.243874627962693,106.76980605788619
-6.237177186760656,106.76980605788619
-6.230479659995529,106.76980605788619
-6.223782047757738,106.76980605788619
-6.217084350137712,106.76980605788619
-6.210386567225887,106.76980605788619
-6.203688699112706,106.76980605788619
-6.1969907458886135,106.76980605788619
-6.1902927076440655,106.76980605788619
-6.183594584469521,106.76980605788619
-6.176896376455445,106.76980605788619
-6.170198083692307,106.76980605788619
-6.163499706270583,106.76980605788619
-6.156801244280757,106.76980605788619
-6.150102697813317,106.76980605788619
-6.143404066958756,106.76980605788619
-6.136705351807573,106.76980605788619
-6.130006552450275,106.76980605788619
-6.123307668977372,106.76980605788619
-6.11712774310435,106.77019924028818
-6.109445325137653,106.7710449068037
-6.104534355894385,106.76987016692928
-6.314925127619316,106.77844660949134
-6.310530181398701,106.77742828137963
-6.303972671192203,106.77695096386586
-6.297451066458795,106.77654342251708
-6.290754313016044,106.77654342251708
-6.28405747328702,106.77654342251708
-6.277360547362101,106.77654342251708
-6.2706635353316695,106.77654342251708
-6.263966437286115,106.77654342251708
-6.257269253315832,106.77654342251708
-6.2505719835112235,106.77654342251708
-6.243874627962693,106.77654342251708
-6.237177186760656,106.77654342251708
-6.230479659995529,106.77654342251708
-6.223782047757738,106.77654342251708
-6.217084350137712,106.77654342251708
-6.210386567225887,106.77654342251708
-6.203688699112706,106.77654342251708
-6.1969907458886135,106.77654342251708
-6.1902927076440655,106.77654342251708
-6.183594584469521,106.77654342251708
-6.176896376455445,106.77654342251708
-6.170198083692307,106.77654342251708
-6.163499706270583,106.77654342251708
-6.156801244280757,106.77654342251708
-6.150102697813317,106.77654342251708
-6.143404066958756,106.77654342251708
-6.136705351807573,106.77654342251708
-6.130006552450275,106.77654342251708
-6.123307668977372,106.77654342251708
-6.11660870147938,106.77654342251708
-6.110230904443654,106.7765642325422
-6.1051128681473825,106.77500096195854
-6.094215261570829,106.77968448931897
-6.0912530548535635,106.77940535683733
-6.315275345550279,106.783301252757
-6.310844314123996,106.78328078714797
-6.3041477335249,106.78328078714797
-6.297451066458795,106.78328078714797
-6.290754313016044,106.78328078714797
-6.28405747328702,106.78328078714797
-6.277360547362101,106.78328078714797
-6.2706635353316695,106.78328078714797
-6.263966437286115,106.78328078714797
-6.257269253315832,106.78328078714797
-6.2505719835112235,106.78328078714797
-6.243874627962693,106.78328078714797
-6.237177186760656,106.78328078714797
-6.230479659995529,106.78328078714797
-6.223782047757738,106.78328078714797
-6.217084350137712,106.78328078714797
-6.210386567225887,106.78328078714797
-6.203688699112706,106.78328078714797
-6.1969907458886135,106.78328078714797
-6.1902927076440655,106.78328078714797
-6.183594584469521,106.78328078714797
-6.176896376455445,106.78328078714797
-6.170198083692307,106.78328078714797
-6.163499706270583,106.78328078714797
-6.156801244280757,106.78328078714797
-6.150102697813317,106.78328078714797
-6.143404066958756,106.78328078714797
-6.136705351807573,106.78328078714797
-6.130006552450275,106.78328078714797
-6.123307668977372,106.78328078714797
-6.11660870147938,106.78328078714797
-6.110758598299014,106.78322835579178
-6.094595117235459,106.78125822600654
-6.091687121795254,106.78128460039204
-6.363205215237651,106.79326581459952
-6.357619276464344,106.79310472406101
-6.350274523056136,106.79305429720672
-6.34762719735153,106.7933104311264
-6.315174828575775,106.78945647593564
-6.310844314123996,106.79001815177888
-6.3041477335249,106.79001815177888
-6.297451066458795,106.79001815177888
-6.290754313016044,106.79001815177888
-6.28405747328702,106.79001815177888
-6.277360547362101,106.79001815177888
-6.2706635353316695,106.79001815177888
-6.263966437286115,106.79001815177888
-6.257269253315832,106.79001815177888
-6.2505719835112235,106.79001815177888
-6.243874627962693,106.79001815177888
-6.237177186760656,106.79001815177888
-6.230479659995529,106.79001815177888
-6.223782047757738,106.79001815177888
-6.217084350137712,106.79001815177888
-6.210386567225887,106.79001815177888
-6.203688699112706,106.79001815177888
-6.1969907458886135,106.79001815177888
-6.1902927076440655,106.79001815177888
-6.183594584469521,106.79001815177888
-6.176896376455445,106.79001815177888
-6.170198083692307,106.79001815177888
-6.163499706270583,106.79001815177888
-6.156801244280757,106.79001815177888
-6.150102697813317,106.79001815177888
-6.143404066958756,106.79001815177888
-6.136705351807573,106.79001815177888
-6.130006552450275,106.79001815177888
-6.123307668977372,106.79001815177888
-6.11660870147938,106.79001815177888
-6.110299302264214,106.79024678267439
-6.103172983135039,106.79174482915766
-6.096698416043153,106.79194634108279
-6.093001463970128,106.79264847477302
-6.362896562485598,106.79680161974369
-6.3577142401739195,106.79679112693698
-6.351013359684927,106.79682444443152
-6.345873337905605,106.79799751831455
-6.3370339848642905,106.79957144206064
-6.333863503888589,106.79977368874196
-6.3147286056663825,106.79663845962972
-6.310844314123996,106.79675551640977
-6.3041477335249,106.79675551640977
-6.297451066458795,106.79675551640977
-6.290754313016044,106.79675551640977
-6.28405747328702,106.79675551640977
-6.277360547362101,106.79675551640977
-6.2706635353316695,106.79675551640977
-6.263966437286115,106.79675551640977
-6.257269253315832,106.79675551640977
-6.2505719835112235,106.79675551640977
-6.243874627962693,106.79675551640977
-6.237177186760656,106.79675551640977
-6.230479659995529,106.79675551640977
-6.223782047757738,106.79675551640977
-6.217084350137712,106.79675551640977
-6.210386567225887,106.79675551640977
-6.203688699112706,106.79675551640977
-6.1969907458886135,106.79675551640977
-6.1902927076440655,106.79675551640977
-6.183594584469521,106.79675551640977
-6.176896376455445,106.79675551640977
-6.170198083692307,106.79675551640977
-6.163499706270583,106.79675551640977
-6.156801244280757,106.79675551640977
-6.150102697813317,106.79675551640977
-6.143404066958756,106.79675551640977
-6.136705351807573,106.79675551640977
-6.130006552450275,106.79675551640977
-6.123307668977372,106.79675551640977
-6.11660870147938,106.79675551640977
-6.110486025830783,106.79641479906915
-6.102896252342693,106.79536026347955
-6.09678940427962,106.79587371479717
-6.093003227398165,106.79509260175843
-6.362449820928979,106.80325237454655
-6.3577179496518985,106.80349288104065
-6.351021976851618,106.80349288104065
-6.344326477381771,106.80349345352954
-6.337629645205915,106.80349300634218
-6.331340961426242,106.80447192187029
-6.325541304629123,106.80563310831201
-6.314612525473361,106.80333826533547
-6.310844314123996,106.80349288104065
-6.3041477335249,106.80349288104065
-6.297451066458795,106.80349288104065
-6.290754313016044,106.80349288104065
-6.28405747328702,106.80349288104065
-6.277360547362101,106.80349288104065
-6.2706635353316695,106.80349288104065
-6.263966437286115,106.80349288104065
-6.257269253315832,106.80349288104065
-6.2505719835112235,106.80349288104065
-6.243874627962693,106.80349288104065
-6.237177186760656,106.80349288104065
-6.230479659995529,106.80349288104065
-6.223782047757738,106.80349288104065
-6.217084350137712,106.80349288104065
-6.210386567225887,106.80349288104065
-6.203688699112706,106.80349288104065
-6.1969907458886135,106.80349288104065
-6.1902927076440655,106.80349288104065
-6.183594584469521,106.80349288104065
-6.176896376455445,106.80349288104065
-6.170198083692307,106.80349288104065
-6.163499706270583,106.80349288104065
-6.156801244280757,106.80349288104065
-6.150102697813317,106.80349288104065
-6.143404066958756,106.80349288104065
-6.136705351807573,106.80349288104065
-6.130006552450275,106.80349288104065
-6.123307668977372,106.80349288104065
-6.116611068533777,106.80349036833907
-6.110043677213837,106.80336604374315
-6.103679747589271,106.80270988634413
-6.0976090012686335,106.80268217024647
-6.092762372174855,106.80030464045919
-6.3623840151583115,106.80926325890177
-6.357692614099783,106.8102046908588
-6.351021976851618,106.81023024567156
-6.3443259169519335,106.81023024567156
-6.3376297700431685,106.81023024567156
-6.330933536215653,106.81023024567156
-6.3242520923238725,106.81024988936602
-6.317672319588889,106.8107598550071
-6.310844314123996,106.81023024567156
-6.3041477335249,106.81023024567156
-6.297451066458795,106.81023024567156
-6.290754313016044,106.81023024567156
-6.28405747328702,106.81023024567156
-6.277360547362101,106.81023024567156
-6.2706635353316695,106.81023024567156
-6.263966437286115,106.81023024567156
-6.257269253315832,106.81023024567156
-6.2505719835112235,106.81023024567156
-6.243874627962693,106.81023024567156
-6.237177186760656,106.81023024567156
-6.230479659995529,106.81023024567156
-6.223782047757738,106.81023024567156
-6.217084350137712,106.81023024567156
-6.210386567225887,106.81023024567156
-6.203688699112706,106.81023024567156
-6.1969907458886135,106.81023024567156
-6.1902927076440655,106.81023024567156
-6.183594584469521,106.81023024567156
-6.176896376455445,106.81023024567156
-6.170198083692307,106.81023024567156
-6.163499706270583,106.81023024567156
-6.156801244280757,106.81023024567156
-6.150102697813317,106.81023024567156
-6.143404066958756,106.81023024567156
-6.136705351807573,106.81023024567156
-6.130041042632108,106.81023859758945
-6.123478982307514,106.81024989184172
-6.117974288652277,106.80808352068938
-6.112347164413241,106.80687957516801
-6.356062174090919,106.81634169460533
-6.351021976851618,106.81696761030246
-6.3443259169519335,106.81696761030246
-6.3376297700431685,106.81696761030246
-6.330933536215653,106.81696761030246
-6.324237215559723,106.81696761030246
-6.317540808165721,106.81696761030246
-6.310844314123996,106.81696761030246
-6.3041477335249,106.81696761030246
-6.297451066458795,106.81696761030246
-6.290754313016044,106.81696761030246
-6.28405747328702,106.81696761030246
-6.277360547362101,106.81696761030246
-6.2706635353316695,106.81696761030246
-6.263966437286115,106.81696761030246
-6.257269253315832,106.81696761030246
-6.2505719835112235,106.81696761030246
-6.243874627962693,106.81696761030246
-6.237177186760656,106.81696761030246
-6.230479659995529,106.81696761030246
-6.223782047757738,106.81696761030246
-6.217084350137712,106.81696761030246
-6.210386567225887,106.81696761030246
-6.203688699112706,106.81696761030246
-6.1969907458886135,106.81696761030246
-6.1902927076440655,106.81696761030246
-6.183594584469521,106.81696761030246
-6.176896376455445,106.81696761030246
-6.170198083692307,106.81696761030246
-6.163499706270583,106.81696761030246
-6.156801244280757,106.81696761030246
-6.150102697813317,106.81696761030246
-6.143404066958756,106.81696761030246
-6.136705351807573,106.81696761030246
-6.130006552450275,106.81696761030246
-6.123332097061555,106.81699267926166
-6.117674764613444,106.81846468730667
-6.355232002760517,106.82371153734854
-6.351021976851618,106.82370497493335
-6.3443259169519335,106.82370497493335
-6.3376297700431685,106.82370497493335
-6.330933536215653,106.82370497493335
-6.324237215559723,106.82370497493335
-6.317540808165721,106.82370497493335
-6.310844314123996,106.82370497493335
-6.3041477335249,106.82370497493335
-6.297451066458795,106.82370497493335
-6.290754313016044,106.82370497493335
-6.28405747328702,106.82370497493335
-6.277360547362101,106.82370497493335
-6.2706635353316695,106.82370497493335
-6.263966437286115,106.82370497493335
-6.257269253315832,106.82370497493335
-6.2505719835112235,106.82370497493335
-6.243874627962693,106.82370497493335
-6.237177186760656,106.82370497493335
-6.230479659995529,106.82370497493335
-6.223782047757738,106.82370497493335
-6.217084350137712,106.82370497493335
-6.210386567225887,106.82370497493335
-6.203688699112706,106.82370497493335
-6.1969907458886135,106.82370497493335
-6.1902927076440655,106.82370497493335
-6.183594584469521,106.82370497493335
-6.176896376455445,106.82370497493335
-6.170198083692307,106.82370497493335
-6.163499706270583,106.82370497493335
-6.156801244280757,106.82370497493335
-6.150102697813317,106.82370497493335
-6.143404066958756,106.82370497493335
-6.136705351807573,106.82370497493335
-6.130006552450275,106.82370497493335
-6.123307668977372,106.82370497493335
-6.117846941584195,106.82357525297088
-6.355122963141529,106.82991278072225
-6.351021976851618,106.83044233956424
-6.3443259169519335,106.83044233956424
-6.3376297700431685,106.83044233956424
-6.330933536215653,106.83044233956424
-6.324237215559723,106.83044233956424
-6.317540808165721,106.83044233956424
-6.310844314123996,106.83044233956424
-6.3041477335249,106.83044233956424
-6.297451066458795,106.83044233956424
-6.290754313016044,106.83044233956424
-6.28405747328702,106.83044233956424
-6.277360547362101,106.83044233956424
-6.2706635353316695,106.83044233956424
-6.263966437286115,106.83044233956424
-6.257269253315832,106.83044233956424
-6.2505719835112235,106.83044233956424
-6.243874627962693,106.83044233956424
-6.237177186760656,106.83044233956424
-6.230479659995529,106.83044233956424
-6.223782047757738,106.83044233956424
-6.217084350137712,106.83044233956424
-6.210386567225887,106.83044233956424
-6.203688699112706,106.83044233956424
-6.1969907458886135,106.83044233956424
-6.1902927076440655,106.83044233956424
-6.183594584469521,106.83044233956424
-6.176896376455445,106.83044233956424
-6.170198083692307,106.83044233956424
-6.163499706270583,106.83044233956424
-6.156801244280757,106.83044233956424
-6.150102697813317,106.83044233956424
-6.143404066958756,106.83044233956424
-6.136705351807573,106.83044233956424
-6.130006552450275,106.83044233956424
-6.123577528981347,106.83034950694056
-6.118359247433887,106.82775094743106
-6.3547073471293745,106.83472521971835
-6.350551246164467,106.8360313193767
-6.344356952472213,106.83652011224113
-6.33753287133653,106.8369369993413
-6.330933536215653,106.83717970419515
-6.324237215559723,106.83717970419515
-6.317540808165721,106.83717970419515
-6.310844314123996,106.83717970419515
-6.3041477335249,106.83717970419515
-6.297451066458795,106.83717970419515
-6.290754313016044,106.83717970419515
-6.28405747328702,106.83717970419515
-6.277360547362101,106.83717970419515
-6.2706635353316695,106.83717970419515
-6.263966437286115,106.83717970419515
-6.257269253315832,106.83717970419515
-6.2505719835112235,106.83717970419515
-6.243874627962693,106.83717970419515
-6.237177186760656,106.83717970419515
-6.230479659995529,106.83717970419515
-6.223782047757738,106.83717970419515
-6.217084350137712,106.83717970419515
-6.210386567225887,106.83717970419515
-6.203688699112706,106.83717970419515
-6.1969907458886135,106.83717970419515
-6.1902927076440655,106.83717970419515
-6.183594584469521,106.83717970419515
-6.176896376455445,106.83717970419515
-6.170198083692307,106.83717970419515
-6.163499706270583,106.83717970419515
-6.156801244280757,106.83717970419515
-6.150102697813317,106.83717970419515
-6.143404066958756,106.83717970419515
-6.136705351807573,106.83717970419515
-6.130006552450275,106.83717970419515
-6.1239904582748474,106.83712002089811
-6.341786450670307,106.84071132281663
-6.335463250767602,106.84446498930082
-6.330933536215653,106.84391706882604
-6.324237215559723,106.84391706882604
-6.317540808165721,106.84391706882604
-6.310844314123996,106.84391706882604
-6.3041477335249,106.84391706882604
-6.297451066458795,106.84391706882604
-6.290754313016044,106.84391706882604
-6.28405747328702,106.84391706882604
-6.277360547362101,106.84391706882604
-6.2706635353316695,106.84391706882604
-6.263966437286115,106.84391706882604
-6.257269253315832,106.84391706882604
-6.2505719835112235,106.84391706882604
-6.243874627962693,106.84391706882604
-6.237177186760656,106.84391706882604
-6.230479659995529,106.84391706882604
-6.223782047757738,106.84391706882604
-6.217084350137712,106.84391706882604
-6.210386567225887,106.84391706882604
-6.203688699112706,106.84391706882604
-6.1969907458886135,106.84391706882604
-6.1902927076440655,106.84391706882604
-6.183594584469521,106.84391706882604
-6.176896376455445,106.84391706882604
-6.170198083692307,106.84391706882604
-6.163499706270583,106.84391706882604
-6.156801244280757,106.84391706882604
-6.150102697813317,106.84391706882604
-6.143404066958756,106.84391706882604
-6.136705351807573,106.84391706882604
-6.130006552450275,106.84391706882604
-6.123744186102695,106.84421044768148
-6.119585415448546,106.84660975460802
-6.3414782721807965,106.85273037580554
-6.33720604606411,106.85117382629942
-6.330933536215653,106.85065443345694
-6.324237215559723,106.85065443345694
-6.317540808165721,106.85065443345694
-6.310844314123996,106.85065443345694
-6.3041477335249,106.85065443345694
-6.297451066458795,106.85065443345694
-6.290754313016044,106.85065443345694
-6.28405747328702,106.85065443345694
-6.277360547362101,106.85065443345694
-6.2706635353316695,106.85065443345694
-6.263966437286115,106.85065443345694
-6.257269253315832,106.85065443345694
-6.2505719835112235,106.85065443345694
-6.243874627962693,106.85065443345694
-6.237177186760656,106.85065443345694
-6.230479659995529,106.85065443345694
-6.223782047757738,106.85065443345694
-6.217084350137712,106.85065443345694
-6.210386567225887,106.85065443345694
-6.203688699112706,106.85065443345694
-6.1969907458886135,106.85065443345694
-6.1902927076440655,106.85065443345694
-6.183594584469521,106.85065443345694
-6.176896376455445,106.85065443345694
-6.170198083692307,106.85065443345694
-6.163499706270583,106.85065443345694
-6.156801244280757,106.85065443345694
-6.150102697813317,106.85065443345694
-6.143404066958756,106.85065443345694
-6.136705351807573,106.85065443345694
-6.130006552450275,106.85065443345694
-6.123326473752459,106.85067117594615
-6.119364192706644,106.85187991290847
-6.355185279496974,106.86069372491438
-6.3510709971118615,106.85887853396679
-6.344081618485535,106.8579852069543
-6.3376297700431685,106.85739179808783
-6.330933536215653,106.85739179808783
-6.324237215559723,106.85739179808783
-6.317540808165721,106.85739179808783
-6.310844314123996,106.85739179808783
-6.3041477335249,106.85739179808783
-6.297451066458795,106.85739179808783
-6.290754313016044,106.85739179808783
-6.28405747328702,106.85739179808783
-6.277360547362101,106.85739179808783
-6.2706635353316695,106.85739179808783
-6.263966437286115,106.85739179808783
-6.257269253315832,106.85739179808783
-6.2505719835112235,106.85739179808783
-6.243874627962693,106.85739179808783
-6.237177186760656,106.85739179808783
-6.230479659995529,106.85739179808783
-6.223782047757738,106.85739179808783
-6.217084350137712,106.85739179808783
-6.210386567225887,106.85739179808783
-6.203688699112706,106.85739179808783
-6.1969907458886135,106.85739179808783
-6.1902927076440655,106.85739179808783
-6.183594584469521,106.85739179808783
-6.176896376455445,106.85739179808783
-6.170198083692307,106.85739179808783
-6.163499706270583,106.85739179808783
-6.156801244280757,106.85739179808783
-6.150102697813317,106.85739179808783
-6.143404066958756,106.85739179808783
-6.136705351807573,106.85739179808783
-6.130006552450275,106.85739179808783
-6.123307668977372,106.85739179808783
-6.117315709135811,106.85808656567755
-6.111780346099934,106.85802709271462
-6.355425679091404,106.86411637375878
-6.35102015159978,106.86413100731563
-6.3443259169519335,106.86412916271873
-6.3376297700431685,106.86412916271873
-6.330933536215653,106.86412916271873
-6.324237215559723,106.86412916271873
-6.317540808165721,106.86412916271873
-6.310844314123996,106.86412916271873
-6.3041477335249,106.86412916271873
-6.297451066458795,106.86412916271873
-6.290754313016044,106.86412916271873
-6.28405747328702,106.86412916271873
-6.277360547362101,106.86412916271873
-6.2706635353316695,106.86412916271873
-6.263966437286115,106.86412916271873
-6.257269253315832,106.86412916271873
-6.2505719835112235,106.86412916271873
-6.243874627962693,106.86412916271873
-6.237177186760656,106.86412916271873
-6.230479659995529,106.86412916271873
-6.223782047757738,106.86412916271873
-6.217084350137712,106.86412916271873
-6.210386567225887,106.86412916271873
-6.203688699112706,106.86412916271873
-6.1969907458886135,106.86412916271873
-6.1902927076440655,106.86412916271873
-6.183594584469521,106.86412916271873
-6.176896376455445,106.86412916271873
-6.170198083692307,106.86412916271873
-6.163499706270583,106.86412916271873
-6.156801244280757,106.86412916271873
-6.150102697813317,106.86412916271873
-6.143404066958756,106.86412916271873
-6.136705351807573,106.86412916271873
-6.130006552450275,106.86412916271873
-6.123342978247262,106.86411701167684
-6.116713524840694,106.86404722918694
-6.111476264644755,106.8651568902011
-6.361170320201817,106.87396907037306
-6.358301784325359,106.87318849157077
-6.350724634638481,106.87095252107763
-6.3443259169519335,106.87086652734962
-6.3376297700431685,106.87086652734962
-6.330933536215653,106.87086652734962
-6.324237215559723,106.87086652734962
-6.317540808165721,106.87086652734962
-6.310844314123996,106.87086652734962
-6.3041477335249,106.87086652734962
-6.297451066458795,106.87086652734962
-6.290754313016044,106.87086652734962
-6.28405747328702,106.87086652734962
-6.277360547362101,106.87086652734962
-6.2706635353316695,106.87086652734962
-6.263966437286115,106.87086652734962
-6.257269253315832,106.87086652734962
-6.2505719835112235,106.87086652734962
-6.243874627962693,106.87086652734962
-6.237177186760656,106.87086652734962
-6.230479659995529,106.87086652734962
-6.223782047757738,106.87086652734962
-6.217084350137712,106.87086652734962
-6.210386567225887,106.87086652734962
-6.203688699112706,106.87086652734962
-6.1969907458886135,106.87086652734962
-6.1902927076440655,106.87086652734962
-6.183594584469521,106.87086652734962
-6.176896376455445,106.87086652734962
-6.170198083692307,106.87086652734962
-6.163499706270583,106.87086652734962
-6.156801244280757,106.87086652734962
-6.150102697813317,106.87086652734962
-6.143404066958756,106.87086652734962
-6.136705351807573,106.87086652734962
-6.130006552450275,106.87086652734962
-6.123307668977372,106.87086652734962
-6.116803935054449,106.87079449097907
-6.110156917829253,106.87072380850691
-6.105704684942831,106.87194602260773
-6.3625085080107455,106.87905120170574
-6.357717947551084,106.87760458161083
-6.351021976851618,106.87760389198053
-6.3443259169519335,106.87760389198053
-6.3376297700431685,106.87760389198053
-6.330933536215653,106.87760389198053
-6.324237215559723,106.87760389198053
-6.317540808165721,106.87760389198053
-6.310844314123996,106.87760389198053
-6.3041477335249,106.87760389198053
-6.297451066458795,106.87760389198053
-6.290754313016044,106.87760389198053
-6.28405747328702,106.87760389198053
-6.277360547362101,106.87760389198053
-6.2706635353316695,106.87760389198053
-6.263966437286115,106.87760389198053
-6.257269253315832,106.87760389198053
-6.2505719835112235,106.87760389198053
-6.243874627962693,106.87760389198053
-6.237177186760656,106.87760389198053
-6.230479659995529,106.87760389198053
-6.223782047757738,106.87760389198053
-6.217084350137712,106.87760389198053
-6.210386567225887,106.87760389198053
-6.203688699112706,106.87760389198053
-6.1969907458886135,106.87760389198053
-6.1902927076440655,106.87760389198053
-6.183594584469521,106.87760389198053
-6.176896376455445,106.87760389198053
-6.170198083692307,106.87760389198053
-6.163499706270583,106.87760389198053
-6.156801244280757,106.87760389198053
-6.150102697813317,106.87760389198053
-6.143404066958756,106.87760389198053
-6.136705351807573,106.87760389198053
-6.130006552450275,106.87760389198053
-6.123307668977372,106.87760389198053
-6.11660870147938,106.87760389198053
-6.1100989780841735,106.87761062410534
-6.103771422046762,106.87809687019109
-6.097632310929939,106.87846685531815
-6.370212749714471,106.88554942016017
-6.363812116120825,106.88502098347618
-6.3577179496518985,106.88434125661142
-6.351021976851618,106.88434125661142
-6.3443259169519335,106.88434125661142
-6.3376297700431685,106.88434125661142
-6.330933536215653,106.88434125661142
-6.324237215559723,106.88434125661142
-6.317540808165721,106.88434125661142
-6.310844314123996,106.88434125661142
-6.3041477335249,106.88434125661142
-6.297451066458795,106.88434125661142
-6.290754313016044,106.88434125661142
-6.28405747328702,106.88434125661142
-6.277360547362101,106.88434125661142
-6.2706635353316695,106.88434125661142
-6.263966437286115,106.88434125661142
-6.257269253315832,106.88434125661142
-6.2505719835112235,106.88434125661142
-6.243874627962693,106.88434125661142
-6.237177186760656,106.88434125661142
-6.230479659995529,106.88434125661142
-6.223782047757738,106.88434125661142
-6.217084350137712,106.88434125661142
-6.210386567225887,106.88434125661142
-6.203688699112706,106.88434125661142
-6.1969907458886135,106.88434125661142
-6.1902927076440655,106.88434125661142
-6.183594584469521,106.88434125661142
-6.176896376455445,106.88434125661142
-6.170198083692307,106.88434125661142
-6.163499706270583,106.88434125661142
-6.156801244280757,106.88434125661142
-6.150102697813317,106.88434125661142
-6.143404066958756,106.88434125661142
-6.136705351807573,106.88434125661142
-6.130006552450275,106.88434125661142
-6.123307668977372,106.88434125661142
-6.11660870147938,106.88434125661142
-6.109909650046824,106.88434125661142
-6.103218000813503,106.8841399850808
-6.097845682881665,106.8839920981242
-6.08792239564511,106.8870607724592
-6.084292914284128,106.88684878846986
-6.368767546065487,106.89157199787198
-6.364412294608025,106.89107951658865
-6.3577179496518985,106.89107862124231
-6.351021976851618,106.89107862124231
-6.3443259169519335,106.89107862124231
-6.3376297700431685,106.89107862124231
-6.330933536215653,106.89107862124231
-6.324237215559723,106.89107862124231
-6.317540808165721,106.89107862124231
-6.310844314123996,106.89107862124231
-6.3041477335249,106.89107862124231
-6.297451066458795,106.89107862124231
-6.290754313016044,106.89107862124231
-6.28405747328702,106.89107862124231
-6.277360547362101,106.89107862124231
-6.2706635353316695,106.89107862124231
-6.263966437286115,106.89107862124231
-6.257269253315832,106.89107862124231
-6.2505719835112235,106.89107862124231
-6.243874627962693,106.89107862124231
-6.237177186760656,106.89107862124231
-6.230479659995529,106.89107862124231
-6.223782047757738,106.89107862124231
-6.217084350137712,106.89107862124231
-6.210386567225887,106.89107862124231
-6.203688699112706,106.89107862124231
-6.1969907458886135,106.89107862124231
-6.1902927076440655,106.89107862124231
-6.183594584469521,106.89107862124231
-6.176896376455445,106.89107862124231
-6.170198083692307,106.89107862124231
-6.163499706270583,106.89107862124231
-6.156801244280757,106.89107862124231
-6.150102697813317,106.89107862124231
-6.143404066958756,106.89107862124231
-6.136705351807573,106.89107862124231
-6.130006552450275,106.89107862124231
-6.123307668977372,106.89107862124231
-6.11660870147938,106.89107862124231
-6.1099267651991545,106.89107585006968
-6.103242933605969,106.8911283283465
-6.09857769634028,106.8911257216912
-6.088181905404095,106.89107277599564
-6.084377830764229,106.89108017852006
-6.369352884727901,106.89761062998774
-6.364413835262453,106.89781598587322
-6.3577179496518985,106.89781598587322
-6.351021976851618,106.89781598587322
-6.3443259169519335,106.89781598587322
-6.3376297700431685,106.89781598587322
-6.330933536215653,106.89781598587322
-6.324237215559723,106.89781598587322
-6.317540808165721,106.89781598587322
-6.310844314123996,106.89781598587322
-6.3041477335249,106.89781598587322
-6.297451066458795,106.89781598587322
-6.290754313016044,106.89781598587322
-6.28405747328702,106.89781598587322
-6.277360547362101,106.89781598587322
-6.2706635353316695,106.89781598587322
-6.263966437286115,106.89781598587322
-6.257269253315832,106.89781598587322
-6.2505719835112235,106.89781598587322
-6.243874627962693,106.89781598587322
-6.237177186760656,106.89781598587322
-6.230479659995529,106.89781598587322
-6.223782047757738,106.89781598587322
-6.217084350137712,106.89781598587322
-6.210386567225887,106.89781598587322
-6.203688699112706,106.89781598587322
-6.1969907458886135,106.89781598587322
-6.1902927076440655,106.89781598587322
-6.183594584469521,106.89781598587322
-6.176896376455445,106.89781598587322
-6.170198083692307,106.89781598587322
-6.163499706270583,106.89781598587322
-6.156801244280757,106.89781598587322
-6.150102697813317,106.89781598587322
-6.143404066958756,106.89781598587322
-6.136705351807573,106.89781598587322
-6.130006552450275,106.89781598587322
-6.123307668977372,106.89781598587322
-6.11660870147938,106.89781598587322
-6.109909650046824,106.89781598587322
-6.10321051477023,106.89781598587322
-6.098699540195373,106.89774899464592
-6.088280981017377,106.8979449764703
-6.084371909146657,106.89781771700287
-6.3707477046214445,106.90253741972353
-6.364054970011146,106.90363644394203
-6.3577179496518985,106.90455335050412
-6.351021976851618,106.90455335050412
-6.3443259169519335,106.90455335050412
-6.3376297700431685,106.90455335050412
-6.330933536215653,106.90455335050412
-6.324237215559723,106.90455335050412
-6.317540808165721,106.90455335050412
-6.310844314123996,106.90455335050412
-6.3041477335249,106.90455335050412
-6.297451066458795,106.90455335050412
-6.290754313016044,106.90455335050412
-6.28405747328702,106.90455335050412
-6.277360547362101,106.90455335050412
-6.27107602390564,106.903811212687
-6.263953787578279,106.90306329144576
-6.257071350832929,106.90438283465117
-6.2505719835112235,106.90455335050412
-6.243874627962693,106.90455335050412
-6.237177186760656,106.90455335050412
-6.230479659995529,106.90455335050412
-6.223782047757738,106.90455335050412
-6.217084350137712,106.90455335050412
-6.210386567225887,106.90455335050412
-6.203688699112706,106.90455335050412
-6.1969907458886135,106.90455335050412
-6.1902927076440655,106.90455335050412
-6.183594584469521,106.90455335050412
-6.176896376455445,106.90455335050412
-6.170198083692307,106.90455335050412
-6.163499706270583,106.90455335050412
-6.156801244280757,106.90455335050412
-6.150102697813317,106.90455335050412
-6.143404066958756,106.90455335050412
-6.136705351807573,106.90455335050412
-6.130006552450275,106.90455335050412
-6.123307668977372,106.90455335050412
-6.11660870147938,106.90455335050412
-6.110084684014495,106.90442852814019
-6.1032855344985295,106.90346273266539
-6.098793160107095,106.90329354966583
-6.088483239020903,106.90454767143721
-6.0843639282184325,106.90455566838428
-6.3626645223623015,106.91208600168446
-6.35768759315947,106.91122846657042
-6.351021976851618,106.911290715135
-6.3443259169519335,106.911290715135
-6.3376297700431685,106.911290715135
-6.330933536215653,106.911290715135
-6.324237215559723,106.911290715135
-6.317540808165721,106.911290715135
-6.310844314123996,106.911290715135
-6.3041477335249,106.911290715135
-6.297930742134868,106.91057026071394
-6.290985459278037,106.90926030961953
-6.2846816911816115,106.90848338968864
-6.276984110395634,106.90849926452884
-6.273143520234386,106.90874201212971
-6.2555541876573235,106.91063196942405
-6.2505719835112235,106.911290715135
-6.243874627962693,106.911290715135
-6.237177186760656,106.911290715135
-6.230479659995529,106.911290715135
-6.223782047757738,106.911290715135
-6.217084350137712,106.911290715135
-6.210386567225887,106.911290715135
-6.203688699112706,106.911290715135
-6.1969907458886135,106.911290715135
-6.1902927076440655,106.911290715135
-6.183594584469521,106.911290715135
-6.176896376455445,106.911290715135
-6.170198083692307,106.911290715135
-6.163499706270583,106.911290715135
-6.156801244280757,106.911290715135
-6.150102697813317,106.911290715135
-6.143404066958756,106.911290715135
-6.136705351807573,106.911290715135
-6.130006552450275,106.911290715135
-6.123307668977372,106.911290715135
-6.11660870147938,106.911290715135
-6.109909650046824,106.911290715135
-6.103310396391057,106.91163522432544
-6.099366457256985,106.91146340740502
-6.088462796424566,106.91128497673745
-6.0843552652571855,106.91129302348537
-6.362836677773715,106.9151985563775
-6.356373421325562,106.91545968423821
-6.350924683212974,106.91580665123698
-6.343735080660359,106.916449415862
-6.33752192210863,106.91697005001782
-6.330937748942555,106.91757300582964
-6.323954114826301,106.91761802321514
-6.317475582163734,106.91792686435186
-6.310875554202084,106.91784429571796
-6.304189202421434,106.91795676573891
-6.2994171499339435,106.91677903658247
-6.255169709056005,106.91619648611781
-6.250397509620705,106.9178811080059
-6.243874627962693,106.9180280797659
-6.237177186760656,106.9180280797659
-6.230479659995529,106.9180280797659
-6.223782047757738,106.9180280797659
-6.217084350137712,106.9180280797659
-6.210386567225887,106.9180280797659
-6.203688699112706,106.9180280797659
-6.1969907458886135,106.9180280797659
-6.1902927076440655,106.9180280797659
-6.183594584469521,106.9180280797659
-6.176896376455445,106.9180280797659
-6.170198083692307,106.9180280797659
-6.163499706270583,106.9180280797659
-6.156801244280757,106.9180280797659
-6.150102697813317,106.9180280797659
-6.143404066958756,106.9180280797659
-6.136705351807573,106.9180280797659
-6.130006552450275,106.9180280797659
-6.123307668977372,106.9180280797659
-6.11660870147938,106.9180280797659
-6.109909650046824,106.9180280797659
-6.103418814098246,106.91771018047125
-6.096747352866242,106.91935787569001
-6.088943043910732,106.91840018437576
-6.084346602295702,106.91803037866448
-6.323310055993194,106.92149771920585
-6.315798304880706,106.92185185331749
-6.313381249734316,106.92187282102216
-6.305051484634442,106.92152337245501
-6.254360287894289,106.92433628325041
-6.2505719835112235,106.9247654443968
-6.243874627962693,106.9247654443968
-6.237177186760656,106.9247654443968
-6.230479659995529,106.9247654443968
-6.223782047757738,106.9247654443968
-6.217084350137712,106.9247654443968
-6.210386567225887,106.9247654443968
-6.203688699112706,106.9247654443968
-6.1969907458886135,106.9247654443968
-6.1902927076440655,106.9247654443968
-6.183594584469521,106.9247654443968
-6.176896376455445,106.9247654443968
-6.170198083692307,106.9247654443968
-6.163499706270583,106.9247654443968
-6.156801244280757,106.9247654443968
-6.150102697813317,106.9247654443968
-6.143404066958756,106.9247654443968
-6.136705351807573,106.9247654443968
-6.130006552450275,106.9247654443968
-6.123307668977372,106.9247654443968
-6.11660870147938,106.9247654443968
-6.109909650046824,106.9247654443968
-6.103368955245605,106.92486311757713
-6.096439337886678,106.92374343471144
-6.089813091713615,106.9223562112321
-6.084338600000546,106.92236322344021
-6.25413124349032,106.92954211654609
-6.250556091651334,106.93149686906315
-6.243874627962693,106.93150280902769
-6.237177186760656,106.93150280902769
-6.230479659995529,106.93150280902769
-6.223782047757738,106.93150280902769
-6.217084350137712,106.93150280902769
-6.210386567225887,106.93150280902769
-6.203688699112706,106.93150280902769
-6.1969907458886135,106.93150280902769
-6.1902927076440655,106.93150280902769
-6.183594584469521,106.93150280902769
-6.176896376455445,106.93150280902769
-6.170198083692307,106.93150280902769
-6.163499706270583,106.93150280902769
-6.156801244280757,106.93150280902769
-6.150102697813317,106.93150280902769
-6.143404066958756,106.93150280902769
-6.136705351807573,106.93150280902769
-6.130006552450275,106.93150280902769
-6.123307668977372,106.93150280902769
-6.11660870147938,106.93150280902769
-6.109909650046824,106.93150280902769
-6.10321051477023,106.93150280902769
-6.0984385281862625,106.93177619457995
-6.25036575510835,106.93823613054074
-6.243874627962693,106.9382401736586
-6.237177186760656,106.9382401736586
-6.230479659995529,106.9382401736586
-6.223782047757738,106.9382401736586
-6.217084350137712,106.9382401736586
-6.210386567225887,106.9382401736586
-6.203688699112706,106.9382401736586
-6.1969907458886135,106.9382401736586
-6.1902927076440655,106.9382401736586
-6.183594584469521,106.9382401736586
-6.176896376455445,106.9382401736586
-6.170198083692307,106.9382401736586
-6.163499706270583,106.9382401736586
-6.156801244280757,106.9382401736586
-6.150102697813317,106.9382401736586
-6.143404066958756,106.9382401736586
-6.136705351807573,106.9382401736586
-6.130006552450275,106.9382401736586
-6.123307668977372,106.9382401736586
-6.11660870147938,106.9382401736586
-6.109909650046824,106.9382401736586
-6.10321051477023,106.9382401736586
-6.0983867404250525,106.93779118551205
-6.249798448661314,106.94281853618311
-6.244122110349347,106.94301084454119
-6.236493393164966,106.94341809531106
-6.230382745791001,106.94423127379093
-6.223671333056178,106.94482407906058
-6.217084350137712,106.94497753828949
-6.210386567225887,106.94497753828949
-6.203688699112706,106.94497753828949
-6.1969907458886135,106.94497753828949
-6.1902927076440655,106.94497753828949
-6.183594584469521,106.94497753828949
-6.176896376455445,106.94497753828949
-6.170198083692307,106.94497753828949
-6.163499706270583,106.94497753828949
-6.156801244280757,106.94497753828949
-6.150102697813317,106.94497753828949
-6.143404066958756,106.94497753828949
-6.136705351807573,106.94497753828949
-6.130006552450275,106.94497753828949
-6.123307668977372,106.94497753828949
-6.11660870147938,106.94497753828949
-6.109909650046824,106.94497753828949
-6.10321051477023,106.94497753828949
-6.096833983185747,106.94580744844204
-6.09177384271783,106.94612400325055
-6.221411196973462,106.94892656310991
-6.21665786330183,106.95153755970097
-6.210386567225887,106.95171490292039
-6.203688699112706,106.95171490292039
-6.1969907458886135,106.95171490292039
-6.1902927076440655,106.95171490292039
-6.183594584469521,106.95171490292039
-6.176896376455445,106.95171490292039
-6.170198083692307,106.95171490292039
-6.163499706270583,106.95171490292039
-6.156801244280757,106.95171490292039
-6.150102697813317,106.95171490292039
-6.143404066958756,106.95171490292039
-6.136705351807573,106.95171490292039
-6.130006552450275,106.95171490292039
-6.123307668977372,106.95171490292039
-6.11660870147938,106.95171490292039
-6.109909650046824,106.95171490292039
-6.10321051477023,106.95171490292039
-6.096788388309242,106.95198379587389
-6.091511994521597,106.95270915029573
-6.215923688309097,106.95668948298692
-6.210100346087621,106.95822425862755
-6.203688699112706,106.95845226755128
-6.1969907458886135,106.95845226755128
-6.1902927076440655,106.95845226755128
-6.183594584469521,106.95845226755128
-6.176896376455445,106.95845226755128
-6.170198083692307,106.95845226755128
-6.163499706270583,106.95845226755128
-6.156801244280757,106.95845226755128
-6.150102697813317,106.95845226755128
-6.143404066958756,106.95845226755128
-6.136705351807573,106.95845226755128
-6.130006552450275,106.95845226755128
-6.123307668977372,106.95845226755128
-6.11660870147938,106.95845226755128
-6.109909650046824,106.95845226755128
-6.10321051477023,106.95845226755128
-6.096956568855474,106.95870055845444
-6.09260550747661,106.95980929061218
-6.209011907047339,106.96326646155438
-6.203692635285293,106.964038455294
-6.196769931034733,106.96498912848475
-6.1902927076440655,106.96518963218217
-6.183594584469521,106.96518963218217
-6.176896376455445,106.96518963218217
-6.170198083692307,106.96518963218217
-6.163499706270583,106.96518963218217
-6.156801244280757,106.96518963218217
-6.150102697813317,106.96518963218217
-6.143404066958756,106.96518963218217
-6.136705351807573,106.96518963218217
-6.130006552450275,106.96518963218217
-6.123307668977372,106.96518963218217
-6.11660870147938,106.96518963218217
-6.109909650046824,106.96518963218217
-6.10321051477023,106.96518963218217
-6.0965847908630195,106.96518261177457
-6.092794390394678,106.96525505757509
-6.196165789404956,106.96964400662884
-6.18998692290347,106.97095144616446
-6.183799533565275,106.97076044220563
-6.177036492519866,106.97052047709671
-6.170785145367771,106.96984452254968
-6.16267752235592,106.96953359425885
-6.156600572399573,106.96976336964184
-6.150154201580634,106.97012060796625
-6.143692397925,106.97015637012633
-6.136778052106474,106.969537923636
-6.130016476933887,106.96949241086372
-6.123526516215748,106.96892224739763
-6.116558023925118,106.968842284055
-6.110088198746584,106.96882513374362
-6.102231041855184,106.96908344545388
-6.096840602315531,106.96935959314635
-6.09218111402199,106.96935315496933
